Date,High,Low,Open,Close,Volume,Adj Close
9/30/2019,48.79600143,47.22200012,48.59999847,48.17399979,29399000,48.17399979
10/1/2019,49.18999863,47.82600021,48.29999924,48.93799973,30813000,48.93799973
10/2/2019,48.93000031,47.88600159,48.65800095,48.62599945,28157000,48.62599945
10/3/2019,46.89599991,44.85599899,46.37200165,46.60599899,75422500,46.60599899
10/4/2019,46.95600128,45.61399841,46.3219986,46.2859993,39975000,46.2859993
10/7/2019,47.7120018,45.70999908,45.95999908,47.54399872,40321000,47.54399872
10/8/2019,48.7879982,46.90000153,47.17399979,48.00999832,43391000,48.00999832
10/9/2019,49.45999908,48.13000107,48.26399994,48.90599823,34472000,48.90599823
10/10/2019,49.85599899,48.31600189,49.05599976,48.94800186,31416500,48.94800186
10/11/2019,50.2159996,49.36199951,49.43000031,49.57799911,42377000,49.57799911
10/14/2019,51.70999908,49.42599869,49.58000183,51.39199829,51025000,51.39199829
10/15/2019,52,50.82400131,51.54000092,51.57799911,32164000,51.57799911
10/16/2019,52.41999817,51.38399887,51.47800064,51.95000076,33420500,51.95000076
10/17/2019,52.95600128,52.0340004,52.5,52.39400101,23846500,52.39400101
10/18/2019,52.56000137,51.02000046,52.13999939,51.38999939,28749000,51.38999939
10/21/2019,51.90000153,50.0359993,51.66600037,50.70000076,25101500,50.70000076
10/22/2019,51.66600037,50.16999817,50.86399841,51.11600113,23004000,51.11600113
10/23/2019,51.22800064,50.27000046,50.90000153,50.93600082,26305500,50.93600082
10/24/2019,60.98600006,57.84000015,59.67399979,59.93600082,148604500,59.93600082
10/25/2019,66,59.22200012,59.54399872,65.62599945,150030500,65.62599945
10/28/2019,68.16799927,64.51999664,65.50800323,65.54199982,94351500,65.54199982
10/29/2019,64.86000061,62.95000076,63.9980011,63.24399948,63421500,63.24399948
10/30/2019,63.75799942,61.99399948,62.59999847,63.0019989,48209000,63.0019989
10/31/2019,63.79999924,62.59999847,62.61999893,62.98400116,25335000,62.98400116
11/1/2019,63.29600143,61.95999908,63.26399994,62.66199875,31919500,62.66199875
11/4/2019,64.38800049,61.85200119,62.95999908,63.49399948,43935000,63.49399948
11/5/2019,64.70200348,63.22399902,63.92399979,63.44400024,34717000,63.44400024
11/6/2019,65.34400177,62.90000153,63.59999847,65.31600189,39704500,65.31600189
11/7/2019,68.30000305,65.60399628,65.82800293,67.10800171,72336500,67.10800171
11/8/2019,67.49199677,66.5,66.90000153,67.4280014,30346000,67.4280014
11/11/2019,69.83799744,68.40000153,68.79000092,69.01799774,49933500,69.01799774
11/12/2019,70.0739975,68.80799866,69.37999725,69.98600006,36797000,69.98600006
11/13/2019,71.26599884,69.03600311,71,69.22200012,42100500,69.22200012
11/14/2019,70.76799774,68.58200073,69.22200012,69.87000275,32324500,69.87000275
11/15/2019,70.55999756,69.67199707,70.12799835,70.43399811,24045000,70.43399811
11/18/2019,70.62999725,69.22000122,70.58399963,69.9980011,22002000,69.9980011
11/19/2019,71.9980011,69.55999756,70.34999847,71.90399933,38624000,71.90399933
11/20/2019,72.23999786,69.91400146,72,70.44400024,33625500,70.44400024
11/21/2019,72.16799927,70.80000305,70.90200043,70.96600342,30550000,70.96600342
11/22/2019,68.19999695,66,68.03199768,66.60800171,84353000,66.60800171
11/25/2019,68.91400146,66.89199829,68.86399841,67.26799774,61697500,67.26799774
11/26/2019,67.09999847,65.41999817,67.05400085,65.78399658,39737000,65.78399658
11/27/2019,66.78600311,65.71399689,66.22399902,66.25800323,27778000,66.25800323
11/29/2019,66.2519989,65.5,66.22200012,65.98799896,12328000,65.98799896
12/2/2019,67.27600098,65.73799896,65.87999725,66.97399902,30372500,66.97399902
12/3/2019,67.58200073,66.43800354,66.52400208,67.23999786,32868500,67.23999786
12/4/2019,67.5719986,66.56999969,67.55000305,66.60600281,27665000,66.60600281
12/5/2019,66.88400269,65.44999695,66.56600189,66.0739975,18623000,66.0739975
12/6/2019,67.77200317,66.95400238,67,67.1780014,38062000,67.1780014
12/9/2019,68.88999939,67.01599884,67.31800079,67.90599823,45115500,67.90599823
12/10/2019,70.14600372,67.86199951,67.99199677,69.76799774,44141500,69.76799774
12/11/2019,71.43800354,70.21800232,70.37599945,70.54000092,34489000,70.54000092
12/12/2019,72.54799652,70.64600372,70.98400116,71.93599701,38819500,71.93599701
12/13/2019,73.04199982,70.9280014,72.20999908,71.6780014,32854500,71.6780014
12/16/2019,76.72200012,72.5,72.51000214,76.30000305,90871000,76.30000305
12/17/2019,77.09999847,75.18000031,75.79799652,75.79799652,42484000,75.79799652
12/18/2019,79.04399872,76.11599731,76.12599945,78.62999725,70605000,78.62999725
12/19/2019,81.37000275,79.30000305,79.46399689,80.80799866,90535500,80.80799866
12/20/2019,82.59999847,80.03800201,82.05799866,81.11799622,73763500,81.11799622
12/23/2019,84.40200043,82,82.35600281,83.84400177,66598000,83.84400177
12/24/2019,85.09400177,82.53800201,83.67199707,85.05000305,40273500,85.05000305
12/26/2019,86.69599915,85.26999664,85.58200073,86.18800354,53169500,86.18800354
12/27/2019,87.06199646,85.22200012,87,86.0759964,49728500,86.0759964
12/30/2019,85.80000305,81.85199738,85.75800323,82.94000244,62932000,82.94000244
12/31/2019,84.25800323,80.41600037,81,83.66600037,51428500,83.66600037
1/2/2020,86.13999939,84.34200287,84.90000153,86.05200195,47660500,86.05200195
1/3/2020,90.80000305,87.38400269,88.09999847,88.60199738,88892500,88.60199738
1/6/2020,90.31199646,88,88.09400177,90.30799866,50665000,90.30799866
1/7/2020,94.3259964,90.67199707,92.27999878,93.81199646,89410500,93.81199646
1/8/2020,99.69799805,93.64600372,94.73999786,98.4280014,155721500,98.4280014
1/9/2020,99.76000214,94.5739975,99.41999817,96.26799774,142202000,96.26799774
1/10/2020,96.98799896,94.73999786,96.35800171,95.62999725,64797500,95.62999725
1/13/2020,105.1259995,98.40000153,98.69999695,104.9720001,132588000,104.9720001
1/14/2020,109.4820023,104.9800034,108.8519974,107.5839996,144981000,107.5839996
1/15/2020,107.5680008,103.3580017,105.9520035,103.6999969,86844000,103.6999969
1/16/2020,102.8919983,98.43399811,98.75,102.697998,108683500,102.697998
1/17/2020,103.1340027,100.6320038,101.5220032,102.0999985,68145500,102.0999985
1/21/2020,109.7160034,105.6819992,106.0500031,109.4400024,89017500,109.4400024
1/22/2020,118.9000015,111.8199997,114.3779984,113.9120026,156845000,113.9120026
1/23/2020,116.4000015,111.1200027,112.8499985,114.4400024,98255000,114.4400024
1/24/2020,114.7720032,110.8519974,114.1259995,112.9639969,71768000,112.9639969
1/27/2020,112.8880005,107.8560028,108.3980026,111.6039963,68040500,111.6039963
1/28/2020,115.3619995,111.6159973,113.697998,113.3799973,58942500,113.3799973
1/29/2020,117.9599991,113.4860001,115.1380005,116.197998,89007500,116.197998
1/30/2020,130.1759949,123.5999985,126.4840012,128.1620026,145028500,128.1620026
1/31/2020,130.6000061,126.5039978,128,130.1139984,78596500,130.1139984
2/3/2020,157.2279968,134.7039948,134.7380066,156,235325000,156
2/4/2020,193.7980042,166.776001,176.5919952,177.4120026,304694000,177.4120026
2/5/2020,169.1959991,140.8220062,164.6519928,146.9400024,242119000,146.9400024
2/6/2020,159.1660004,137.3999939,139.9839935,149.7920074,199404000,149.7920074
2/7/2020,153.9499969,146,146.1100006,149.6139984,85317500,149.6139984
2/10/2020,163.9980011,150.4799957,160,154.2559967,123446000,154.2559967
2/11/2020,156.7019958,151.6000061,153.7579956,154.8760071,58487500,154.8760071
2/12/2020,157.9499969,152.673996,155.5740051,153.4579926,60112500,153.4579926
2/13/2020,163.6000061,147,148.3679962,160.8000031,131446500,160.8000031
2/14/2020,162.5939941,157.1000061,157.4440002,160.0059967,78468500,160.0059967
2/18/2020,172,166.4720001,168.3200073,171.6799927,81908500,171.6799927
2/19/2020,188.9559937,180.2039948,184.6999969,183.4839935,127115000,183.4839935
2/20/2020,182.3999939,171.9880066,182.3899994,179.8820038,88174500,179.8820038
2/21/2020,182.6119995,176.0899963,181.3959961,180.1999969,71574000,180.1999969
2/24/2020,172.6999969,164.4400024,167.8000031,166.7579956,75961000,166.7579956
2/25/2020,171.3200073,157.3999939,169.8000031,159.9819946,86452500,159.9819946
2/26/2020,162.6620026,155.2220001,156.5,155.7599945,70427500,155.7599945
2/27/2020,147.9539948,133.8000031,146,135.8000031,121386000,135.8000031
2/28/2020,138.1040039,122.3040009,125.9400024,133.5980072,121114500,133.5980072
3/2/2020,148.7380066,137.3339996,142.2519989,148.723999,100975000,148.723999
3/3/2020,161.3959961,143.2220001,161,149.102005,128920000,149.102005
3/4/2020,153.3040009,144.9459991,152.7920074,149.8999939,75245000,149.8999939
3/5/2020,149.1499939,143.6139984,144.7539978,144.9080048,54263500,144.9080048
3/6/2020,141.3999939,136.8540039,138,140.6959991,63314500,140.6959991
3/9/2020,132.6000061,121,121.0780029,121.5999985,85368500,121.5999985
3/10/2020,133.6000061,121.5999985,131.8860016,129.0659943,77972000,129.0659943
3/11/2020,130.7160034,122.5999985,128.0399933,126.8460007,66612500,126.8460007
3/12/2020,118.9000015,109.25,116.1780014,112.1100006,94545500,112.1100006
3/13/2020,121.5139999,100.4000015,119,109.3239975,113201500,109.3239975
3/16/2020,98.97399902,88.43399811,93.90000153,89.01399994,102447500,89.01399994
3/17/2020,94.37000275,79.19999695,88.0019989,86.04000092,119973000,86.04000092
3/18/2020,80.97200012,70.10199738,77.80000305,72.2440033,118931000,72.2440033
3/19/2020,90.40000153,71.69200134,74.94000244,85.52799988,150977500,85.52799988
3/20/2020,95.40000153,85.15799713,87.63999939,85.5059967,141427500,85.5059967
3/23/2020,88.40000153,82.09999847,86.72000122,86.85800171,82272500,86.85800171
3/24/2020,102.737999,94.80000305,95.45999908,101,114476000,101
3/25/2020,111.4000015,102.2220001,109.0500031,107.8499985,106113500,107.8499985
3/26/2020,112,102.4499969,109.4779968,105.6320038,86903500,105.6320038
3/27/2020,105.1600037,98.80599976,101,102.8720016,71887000,102.8720016
3/30/2020,103.3300018,98.2460022,102.052002,100.4260025,59990500,100.4260025
3/31/2020,108.5920029,99.40000153,100.25,104.8000031,88857500,104.8000031
4/1/2020,102.7900009,95.01999664,100.8000031,96.31199646,66766000,96.31199646
4/2/2020,98.85199738,89.27999878,96.20600128,90.89399719,99292000,90.89399719
4/3/2020,103.0979996,93.6780014,101.9000015,96.0019989,112810500,96.0019989
4/6/2020,104.1999969,99.59200287,102.2399979,103.2480011,74509000,103.2480011
4/7/2020,113,106.4680023,109,109.0899963,89599000,109.0899963
4/8/2020,111.4420013,106.6660004,110.8399963,109.7679977,63280000,109.7679977
4/9/2020,115.0360031,111.4219971,112.4179993,114.5999985,68250000,114.5999985
4/13/2020,130.3999939,116.1060028,118.0319977,130.1900024,112377000,130.1900024
4/14/2020,148.3760071,138.4859924,139.7940063,141.9779968,152882500,141.9779968
4/15/2020,150.6260071,142,148.3999939,145.9660034,117885000,145.9660034
4/16/2020,151.8899994,141.3439941,143.3880005,149.0420074,103289500,149.0420074
4/17/2020,154.9900055,149.5319977,154.4559937,150.7779999,65641000,150.7779999
4/20/2020,153.1139984,142.4420013,146.5399933,149.2720032,73733000,149.2720032
4/21/2020,150.6660004,134.7579956,146.0240021,137.3439941,101045500,137.3439941
4/22/2020,146.8000031,137.7420044,140.7960052,146.4219971,70827500,146.4219971
4/23/2020,146.8000031,140.6260071,145.5200043,141.1260071,66183500,141.1260071
4/24/2020,146.1459961,139.6360016,142.1620026,145.0299988,66060000,145.0299988
4/27/2020,159.897995,147,147.5220032,159.75,103407000,159.75
4/28/2020,161,151.3379974,159.128006,153.8240051,76110000,153.8240051
4/29/2020,160.6399994,156.6320038,158.0339966,160.102005,81080000,160.102005
4/30/2020,173.9640045,152.6999969,171.0379944,156.3760071,142359500,156.3760071
5/1/2020,154.5540009,136.6080017,151,140.2640076,162659000,140.2640076
5/4/2020,152.3999939,139.6000061,140.1999969,152.2380066,96185500,152.2380066
5/5/2020,159.7839966,152.4360046,157.9579926,153.6419983,84958500,153.6419983
5/6/2020,157.9600067,152.2220001,155.3000031,156.5160065,55616000,156.5160065
5/7/2020,159.2799988,154.4700012,155.4420013,156.0079956,57638500,156.0079956
5/8/2020,164.8000031,157.4019928,158.7539978,163.8840027,80432500,163.8840027
5/11/2020,164.8000031,157,158.102005,162.2579956,82598000,162.2579956
5/12/2020,168.6580048,161.6000061,165.3999939,161.8820038,79534500,161.8820038
5/13/2020,165.1999969,152.6600037,164.1660004,158.1920013,95327500,158.1920013
5/14/2020,160.6719971,152.8000031,156,160.6660004,68411000,160.6660004
5/15/2020,161.0099945,157.3099976,158.0700073,159.8339996,52592000,159.8339996
5/18/2020,166.9440002,160.776001,165.5559998,162.7259979,58329000,162.7259979
5/19/2020,164.4140015,161.2160034,163.0339966,161.602005,48182500,161.602005
5/20/2020,165.1999969,162.3600006,164.1000061,163.1119995,36546500,163.1119995
5/21/2020,166.5,159.1999969,163.1999969,165.5200043,61273000,165.5200043
5/22/2020,166.3560028,162.3999939,164.4340057,163.3760071,49937500,163.3760071
5/26/2020,166.9199982,163.1419983,166.8999939,163.7740021,40448500,163.7740021
5/27/2020,165.5420074,157,164.1719971,164.0460052,57747500,164.0460052
5/28/2020,164.9499969,160.3379974,162.7019958,161.1620026,36278000,161.1620026
5/29/2020,167,160.8419952,161.75,167,58822500,167
6/1/2020,179.8000031,170.8200073,171.6000061,179.6199951,74697500,179.6199951
6/2/2020,181.7319946,174.1999969,178.9400024,176.3119965,67828000,176.3119965
6/3/2020,179.5879974,176.0200043,177.6239929,176.5919952,39747500,176.5919952
6/4/2020,179.1499939,171.6880035,177.9759979,172.8760071,44438500,172.8760071
6/5/2020,177.3040009,173.2400055,175.5679932,177.1320038,39059500,177.1320038
6/8/2020,190,181.8320007,183.8000031,189.9839935,70873500,189.9839935
6/9/2020,190.8880005,184.7859955,188.0019989,188.1340027,56941000,188.1340027
6/10/2020,205.4960022,196.5,198.3760071,205.0099945,92817000,205.0099945
6/11/2020,203.7920074,194.3999939,198.0399933,194.5679932,79582500,194.5679932
6/12/2020,197.595993,182.5200043,196,187.0559998,83817000,187.0559998
6/15/2020,199.7680054,181.6999969,183.5579987,198.1799927,78486000,198.1799927
6/16/2020,202.576004,192.4779968,202.3699951,196.4259949,70255500,196.4259949
6/17/2020,201,196.5140076,197.5420074,198.3580017,49454000,198.3580017
6/18/2020,203.8399963,198.8939972,200.6000061,200.7920074,48759500,200.7920074
6/19/2020,203.1940002,198.2680054,202.5559998,200.1799927,43398500,200.1799927
6/22/2020,201.776001,198.0039978,199.9900055,198.8639984,31812000,198.8639984
6/23/2020,202.3999939,198.802002,199.776001,200.3560028,31826500,200.3560028
6/24/2020,200.1759949,190.628006,198.8220062,192.1699982,54798000,192.1699982
6/25/2020,197.1959991,187.4299927,190.8540039,197.1959991,46272500,197.1959991
6/26/2020,199,190.973999,198.9559937,191.947998,44274500,191.947998
6/29/2020,202,189.7039948,193.802002,201.8699951,45132000,201.8699951
6/30/2020,217.5379944,200.7460022,201.3000031,215.9620056,84592500,215.9620056
7/1/2020,227.0659943,216.1000061,216.6000061,223.9259949,66634500,223.9259949
7/2/2020,245.6000061,237.1199951,244.2960052,241.7319946,86250500,241.7319946
7/6/2020,275.5580139,253.2079926,255.3379974,274.3160095,102849500,274.3160095
7/7/2020,285.8999939,267.3420105,281.0020142,277.9719849,107448500,277.9719849
7/8/2020,283.4519958,262.2680054,281,273.1759949,81556500,273.1759949
7/9/2020,281.7120056,270.256012,279.3980103,278.8559875,58588000,278.8559875
7/10/2020,309.7839966,275.2019958,279.2000122,308.9299927,116688000,308.9299927
7/13/2020,358.9979858,294.2219849,331.7999878,299.4119873,194927000,299.4119873
7/14/2020,318,286.2000122,311.2000122,303.3599854,117090500,303.3599854
7/15/2020,310,291.3999939,308.6000061,309.2019958,81839000,309.2019958
7/16/2020,306.3420105,293.2000122,295.4320068,300.1279907,71504000,300.1279907
7/17/2020,307.5020142,298,302.6900024,300.1679993,46650000,300.1679993
7/20/2020,330,297.6000061,303.802002,328.6000061,85607000,328.6000061
7/21/2020,335,311.6000061,327.9859924,313.6719971,80536000,313.6719971
7/22/2020,325.2839966,312.3999939,319.7999878,318.4660034,70805500,318.4660034
7/23/2020,337.7999878,296.1539917,335.7900085,302.6140137,121642500,302.6140137
7/24/2020,293,273.3080139,283.2019958,283.3999939,96983000,283.3999939
7/27/2020,309.5880127,282.6000061,287,307.9200134,80243500,307.9200134
7/28/2020,312.9400024,294.8840027,300.7999878,295.2980042,79043500,295.2980042
7/29/2020,306.9620056,297.3999939,300.2000122,299.821991,47134500,299.821991
7/30/2020,302.6480103,294.2000122,297.6000061,297.4979858,38105000,297.4979858
7/31/2020,303.4100037,284.1960144,303,286.1520081,61041000,286.1520081
8/3/2020,301.9620056,288.8760071,289.8399963,297,44046500,297
8/4/2020,305.4819946,292.3999939,299.0020142,297.3999939,42075000,297.3999939
8/5/2020,299.9679871,293.6619873,298.5979919,297.0039978,24739000,297.0039978
8/6/2020,303.4620056,295.4519958,298.1659851,297.9159851,29961500,297.9159851
8/7/2020,299.9500122,283.0020142,299.9079895,290.5419922,44482000,290.5419922
8/10/2020,291.5,277.1679993,289.6000061,283.7139893,37611500,283.7139893
8/11/2020,284,273,279.2000122,274.8779907,43129000,274.8779907
8/12/2020,317,287,294,310.9519958,109147000,310.9519958
8/13/2020,330.2359924,313.4519958,322.2000122,324.2000122,102126500,324.2000122
8/14/2020,333.7600098,325.3280029,332.9979858,330.1419983,62888000,330.1419983
8/17/2020,369.1719971,334.5660095,335.3999939,367.1279907,101211500,367.1279907
8/18/2020,384.7799988,369.0220032,379.7980042,377.4179993,82372500,377.4179993
8/19/2020,382.2000122,368.2420044,373,375.7059937,61026500,375.7059937
8/20/2020,404.3980103,371.4119873,372.1359863,400.3659973,103059000,400.3659973
8/21/2020,419.0979919,405.0100098,408.9519958,409.9960022,107448000,409.9960022
8/24/2020,425.7999878,385.5039978,425.256012,402.8399963,100318000,402.8399963
8/25/2020,405.5899963,393.6000061,394.9779968,404.6679993,53294500,404.6679993
8/26/2020,433.2000122,410.7260132,412,430.6340027,71197000,430.6340027
8/27/2020,459.1199951,428.5,436.0920105,447.75,118465000,447.75
8/28/2020,463.697998,437.3039856,459.0239868,442.6799927,100406000,442.6799927
8/31/2020,500.1400146,440.1099854,444.6099854,498.3200073,118374400,498.3200073
9/1/2020,502.4899902,470.5100098,502.1400146,475.0499878,89841100,475.0499878
9/2/2020,479.0400085,405.1199951,478.9899902,447.3699951,96176100,447.3699951
9/3/2020,431.7999878,402,407.230011,407,87596100,407
9/4/2020,428,372.019989,402.8099976,418.3200073,110321900,418.3200073
9/8/2020,368.7399902,329.8800049,356,330.2099915,115465700,330.2099915
9/9/2020,369,341.5100098,356.6000061,366.2799988,79465800,366.2799988
9/10/2020,398.9899902,360.5599976,386.2099915,371.3399963,84930600,371.3399963
9/11/2020,382.5,360.5,381.9400024,372.7200012,60717500,372.7200012
9/14/2020,420,373.2999878,380.9500122,419.6199951,83020600,419.6199951
9/15/2020,461.9400024,430.7000122,436.5599976,449.7600098,97298200,449.7600098
9/16/2020,457.7900085,435.3099976,439.8699951,441.7600098,72279300,441.7600098
9/17/2020,437.7900085,408,415.6000061,423.4299927,76779200,423.4299927
9/18/2020,451,428.7999878,447.9400024,442.1499939,86406800,442.1499939
9/21/2020,455.6799927,407.0700073,453.1300049,449.3900146,109476800,449.3900146
9/22/2020,437.7600098,417.6000061,429.6000061,424.230011,79580800,424.230011
9/23/2020,412.1499939,375.8800049,405.1600037,380.3599854,95074200,380.3599854
9/24/2020,399.5,351.2999878,363.7999878,387.7900085,96561100,387.7900085
9/25/2020,408.730011,391.2999878,393.4700012,407.3399963,67208500,407.3399963
9/28/2020,428.0799866,415.5499878,424.6199951,421.2000122,49719600,421.2000122
9/29/2020,428.5,411.6000061,416,419.0700073,50219300,419.0700073
9/30/2020,433.9299927,420.4700012,421.3200073,429.0100098,48145600,429.0100098
10/1/2020,448.8800049,434.4200134,440.7600098,448.1600037,50741500,448.1600037
10/2/2020,439.1300049,415,421.3900146,415.0899963,71430000,415.0899963
10/5/2020,433.6400146,419.3299866,423.3500061,425.6799927,44722800,425.6799927
10/6/2020,428.7799988,406.0499878,423.7900085,413.980011,49146300,413.980011
10/7/2020,429.8999939,413.8500061,419.8699951,425.2999878,43127700,425.2999878
10/8/2020,439,425.2999878,438.4400024,425.9200134,40421100,425.9200134
10/9/2020,434.5899963,426.4599915,430.1300049,434,28925700,434
10/12/2020,448.7399902,438.5799866,442,442.2999878,38791100,442.2999878
10/13/2020,448.8900146,436.6000061,443.3500061,446.6499939,34463700,446.6499939
10/14/2020,465.8999939,447.3500061,449.7799988,461.2999878,47879700,461.2999878
10/15/2020,456.5700073,442.5,450.3099976,448.8800049,35672400,448.8800049
10/16/2020,455.9500122,438.8500061,454.4400024,439.6700134,32775900,439.6700134
10/19/2020,447,428.8699951,446.2399902,430.8299866,36287800,430.8299866
10/20/2020,431.75,419.0499878,431.75,421.9400024,31656300,421.9400024
10/21/2020,432.9500122,421.25,422.7000122,422.6400146,32370500,422.6400146
10/22/2020,445.230011,424.5100098,441.9200134,425.7900085,39993200,425.7900085
10/23/2020,422.8900146,407.3800049,421.8399963,420.6300049,33717000,420.6300049
10/26/2020,425.7600098,410,411.6300049,420.2799988,28239200,420.2799988
10/27/2020,430.5,420.1000061,423.7600098,424.6799927,22686500,424.6799927
10/28/2020,418.6000061,406,416.480011,406.019989,25451400,406.019989
10/29/2020,418.0599976,406.4599915,409.9599915,410.8299866,22655300,410.8299866
10/30/2020,407.5899963,379.1099854,406.8999939,388.0400085,42511300,388.0400085
11/2/2020,406.980011,392.2999878,394,400.5100098,29021100,400.5100098
11/3/2020,427.769989,406.6900024,409.730011,423.8999939,34351700,423.8999939
11/4/2020,435.3999939,417.1000061,430.6199951,420.980011,32143100,420.980011
11/5/2020,440,424,428.2999878,438.0899963,28414500,438.0899963
11/6/2020,436.5700073,424.2799988,436.1000061,429.9500122,21706000,429.9500122
11/9/2020,452.5,421,439.5,421.2600098,34833000,421.2600098
11/10/2020,420.0899963,396.0299988,420.0899963,410.3599854,30284200,410.3599854
11/11/2020,418.7000122,410.5799866,416.4500122,417.1300049,17357700,417.1300049
11/12/2020,423,409.519989,415.0499878,411.7600098,19855100,411.7600098
11/13/2020,412.5299988,401.6600037,410.8500061,408.5,19771100,408.5
11/16/2020,412.4500122,404.0899963,408.9299927,408.0899963,26838600,408.0899963
11/17/2020,462,433.0100098,460.1700134,441.6099854,61188300,441.6099854
11/18/2020,496,443.5,448.3500061,486.6400146,78044000,486.6400146
11/19/2020,508.6099854,487.5700073,492,499.269989,62475300,499.269989
11/20/2020,502.5,489.0599976,497.9899902,489.6099854,32911900,489.6099854
11/23/2020,526,501.7900085,503.5,521.8499756,50260300,521.8499756
11/24/2020,559.9899902,526.2000122,540.4000244,555.3800049,53648500,555.3800049
11/25/2020,574,545.3699951,550.0599976,574,48930200,574
11/27/2020,598.7800293,578.4500122,581.1599731,585.7600098,37561100,585.7600098
11/30/2020,607.7999878,554.5100098,602.210022,567.5999756,63003100,567.5999756
12/1/2020,597.8499756,572.0499878,597.5900269,584.7600098,40103500,584.7600098
12/2/2020,571.539978,541.210022,556.4400024,568.8200073,47775700,568.8200073
12/3/2020,598.9699707,582.4299927,590.0200195,593.3800049,42552000,593.3800049
12/4/2020,599.039978,585.5,591.0100098,599.039978,29401300,599.039978
12/7/2020,648.789978,603.0499878,604.9199829,641.7600098,56309700,641.7600098
12/8/2020,651.2800293,618.5,625.5100098,649.8800049,64265000,649.8800049
12/9/2020,654.3200073,588,653.6900024,604.4799805,71291200,604.4799805
12/10/2020,627.75,566.3400269,574.3699951,627.0700073,67083200,627.0700073
12/11/2020,624,596.7999878,615.0100098,609.9899902,46475000,609.9899902
12/14/2020,642.75,610.2000122,619,639.8300171,52040600,639.8300171
12/15/2020,646.9000244,623.7999878,643.2800293,633.25,45071500,633.25
12/16/2020,632.5,605,628.2299805,622.7700195,42095800,622.7700195
12/17/2020,658.8200073,619.5,628.1900024,655.9000244,56270100,655.9000244
12/18/2020,695,628.539978,668.9000244,695,222126200,695
12/21/2020,668.5,646.0700073,666.2399902,649.8599854,58045300,649.8599854
12/22/2020,649.8800049,614.2299805,648,640.3400269,51716000,640.3400269
12/23/2020,651.5,622.5700073,632.2000122,645.9799805,33173000,645.9799805
12/24/2020,666.0900269,641,642.9899902,661.7700195,22865600,661.7700195
12/28/2020,681.4000244,660.7999878,674.5100098,663.6900024,32278600,663.6900024
12/29/2020,669.9000244,655,661,665.9899902,22910800,665.9899902
12/30/2020,696.5999756,668.3599854,672,694.7800293,42846000,694.7800293
12/31/2020,718.7199707,691.1199951,699.9899902,705.6699829,49649900,705.6699829
1/4/2021,744.4899902,717.1900024,719.460022,729.7700195,48638200,729.7700195
1/5/2021,740.8400269,719.2000122,723.6599731,735.1099854,32245200,735.1099854
1/6/2021,774,749.0999756,758.4899902,755.9799805,44700000,755.9799805
1/7/2021,816.9899902,775.2000122,777.6300049,816.039978,51498900,816.039978
1/8/2021,884.4899902,838.3900146,856,880.0200195,75055500,880.0200195
1/11/2021,854.4299927,803.6199951,849.4000244,811.1900024,59301600,811.1900024
1/12/2021,868,827.3400269,831,849.4400024,46270700,849.4400024
1/13/2021,860.4699707,832,852.7600098,854.4099731,33312500,854.4099731
1/14/2021,863,838.75,843.3900146,845,31266300,845
1/15/2021,859.9000244,819.0999756,852,826.1599731,38777600,826.1599731
1/19/2021,850,833,837.7999878,844.5499878,25367000,844.5499878
1/20/2021,859.5,837.2800293,858.7399902,850.4500122,25665900,850.4500122
1/21/2021,855.7199707,841.4199829,855,844.9899902,20521100,844.9899902
1/22/2021,848,828.6199951,834.3099976,846.6400146,20066500,846.6400146
1/25/2021,900.4000244,838.8200073,855,880.7999878,41173400,880.7999878
1/26/2021,895.9000244,871.5999756,891.3800049,883.0900269,23131600,883.0900269
1/27/2021,891.5,858.6599731,870.3499756,864.1599731,27334000,864.1599731
1/28/2021,848,801,820,835.4299927,26378000,835.4299927
1/29/2021,842.4099731,780.0999756,830,793.5300293,34990800,793.5300293
2/1/2021,842,795.5599976,814.289978,839.8099976,25391400,839.8099976
2/2/2021,880.5,842.2000122,844.6799927,872.789978,24346200,872.789978
2/3/2021,878.0800171,853.0599976,877.0200195,854.6900024,18343500,854.6900024
2/4/2021,856.5,833.4199829,855,849.9899902,15812700,849.9899902
2/5/2021,864.7700195,838.9699707,845,852.2299805,18566600,852.2299805
2/8/2021,877.7700195,854.75,869.6699829,863.4199829,20161700,863.4199829
2/9/2021,859.7999878,841.75,855.1199951,849.460022,15157700,849.460022
2/10/2021,844.8200073,800.0200195,843.6400146,804.8200073,36216100,804.8200073
2/11/2021,829.8800049,801.7299805,812.4400024,811.6599731,21622800,811.6599731
2/12/2021,817.3300171,785.3300171,801.2600098,816.1199951,23768300,816.1199951
2/16/2021,821,792.4400024,818,796.2199707,19802300,796.2199707
2/17/2021,799.8400269,762.0100098,779.0900269,798.1500244,25996500,798.1500244
2/18/2021,794.6900024,776.2700195,780.9000244,787.3800049,17957100,787.3800049
2/19/2021,796.789978,777.3699951,795,781.2999878,18958300,781.2999878
2/22/2021,768.5,710.2000122,762.6400146,714.5,37269700,714.5
2/23/2021,713.6099854,619,662.1300049,698.8400269,66606900,698.8400269
2/24/2021,745,694.1699829,711.8499756,742.0200195,36767000,742.0200195
2/25/2021,737.210022,670.5800171,726.1500244,682.2199707,39023900,682.2199707
2/26/2021,706.7000122,659.5100098,700,675.5,41089200,675.5
3/1/2021,719,685.0499878,690.1099854,718.4299927,27136200,718.4299927
3/2/2021,721.1099854,685,718.2800293,686.4400024,23732200,686.4400024
3/3/2021,700.7000122,651.710022,687.9899902,653.2000122,30208000,653.2000122
3/4/2021,668.4500122,600,655.7999878,621.4400024,65919500,621.4400024
3/5/2021,627.8400269,539.4899902,626.0599976,597.9500122,89396500,597.9500122
3/8/2021,620.1300049,558.789978,600.5499878,563,51787000,563
3/9/2021,678.0900269,595.210022,608.1799927,673.5800171,67523300,673.5800171
3/10/2021,717.8499756,655.0599976,700.2999878,668.0599976,60605700,668.0599976
3/11/2021,702.5,677.1799927,699.4000244,699.5999756,36253900,699.5999756
3/12/2021,694.8800049,666.1400146,670,693.7299805,33583800,693.7299805
3/15/2021,713.1799927,684.039978,694.0900269,707.9400024,29335600,707.9400024
3/16/2021,707.9199829,671,703.3499756,676.8800049,32195700,676.8800049
3/17/2021,703.7299805,651.0100098,656.8699951,701.8099976,40372500,701.8099976
3/18/2021,689.2299805,652,684.289978,653.1599731,33224800,653.1599731
3/19/2021,657.2299805,624.6199951,646.5999756,654.8699951,42894000,654.8699951
3/22/2021,699.6199951,668.75,684.5900269,670,39512200,670
3/23/2021,677.7999878,657.5100098,675.7700195,662.1599731,30491900,662.1599731
3/24/2021,668.0200195,630.1099854,667.9099731,630.2700195,33795200,630.2700195
3/25/2021,645.5,609.5,613,640.3900146,39224900,640.3900146
3/26/2021,643.8200073,599.8900146,641.8699951,618.710022,33852800,618.710022
3/29/2021,616.4799805,596.0200195,615.6400146,611.289978,28637000,611.289978
3/30/2021,637.6599731,591.0100098,601.75,635.6199951,39432400,635.6199951
3/31/2021,672,641.1099854,646.6199951,667.9299927,33337300,667.9299927
4/1/2021,692.4199829,659.4199829,688.3699951,661.75,35298400,661.75
4/5/2021,708.1599731,684.7000122,707.710022,691.0499878,41842800,691.0499878
4/6/2021,696.5499878,681.3699951,690.2999878,691.6199951,28271800,691.6199951
4/7/2021,691.3800049,667.8400269,687,670.9699707,26309400,670.9699707
4/8/2021,689.5499878,671.6500244,677.3800049,683.7999878,23924300,683.7999878
4/9/2021,680.9699707,669.4299927,677.7700195,677.0200195,21437100,677.0200195
4/12/2021,704.7999878,682.0900269,685.7000122,701.9799805,29135700,701.9799805
4/13/2021,763,710.6599731,712.7000122,762.3200073,44652800,762.3200073
4/14/2021,780.789978,728.0300293,770.7000122,732.2299805,49017400,732.2299805
4/15/2021,743.6900024,721.3099976,743.0999756,738.8499756,27848900,738.8499756
4/16/2021,749.4099731,724.5999756,728.6500244,739.7800293,27979500,739.7800293
4/19/2021,725.4000244,691.7999878,719.5999756,714.6300049,39686200,714.6300049
4/20/2021,737.25,710.6900024,717.4199829,718.9899902,35609000,718.9899902
4/21/2021,744.8400269,698,704.7700195,744.1199951,31215500,744.1199951
4/22/2021,753.7700195,718.039978,741.5,719.6900024,35590300,719.6900024
4/23/2021,737.3599854,715.460022,719.7999878,729.4000244,28370000,729.4000244
4/26/2021,749.2999878,732.6099854,741,738.2000122,31038500,738.2000122
4/27/2021,724,703.3499756,717.960022,704.7399902,29437000,704.7399902
4/28/2021,708.5,693.5999756,696.4099731,694.4000244,22271000,694.4000244
4/29/2021,702.25,668.5,699.5100098,677,28845400,677
4/30/2021,715.4699707,666.1400146,667.5900269,709.4400024,40758700,709.4400024
5/3/2021,706,680.5,703.7999878,684.9000244,27043100,684.9000244
5/4/2021,683.4500122,657.7000122,678.9400024,673.5999756,29739300,673.5999756
5/5/2021,685.2999878,667.3400269,681.0599976,670.9400024,21901900,670.9400024
5/6/2021,681.0200195,650,680.7600098,663.539978,27784600,663.539978
5/7/2021,690,660.2199707,665.7999878,672.3699951,23469200,672.3699951
5/10/2021,665.0499878,627.6099854,664.9000244,629.039978,31392400,629.039978
5/11/2021,627.0999756,595.5999756,599.2399902,617.2000122,46503900,617.2000122
5/12/2021,620.4099731,586.7700195,602.4899902,589.8900146,33823600,589.8900146
5/13/2021,606.460022,559.6500244,601.539978,571.6900024,44184900,571.6900024
5/14/2021,592.8699951,570.460022,583.4099731,589.7399902,33370900,589.7399902
5/17/2021,589.7299805,561.2000122,575.5499878,576.8300171,32390400,576.8300171
5/18/2021,596.25,563.3800049,568,577.8699951,36830600,577.8699951
5/19/2021,566.210022,546.9799805,552.5499878,563.460022,39578400,563.460022
5/20/2021,588.8499756,571.0700073,575,586.7800293,30821100,586.7800293
5/21/2021,596.6799927,580,596.1099854,580.8800049,26030600,580.8800049
5/24/2021,614.4799805,573.6500244,581.5999756,606.4400024,34558100,606.4400024
5/25/2021,613.9899902,595.710022,607.3099976,604.6900024,28005900,604.6900024
5/26/2021,626.1699829,601.5,607.5599976,619.1300049,28639300,619.1300049
5/27/2021,631.1300049,616.210022,620.2399902,630.8499756,26370600,630.8499756
5/28/2021,635.5900269,622.3800049,628.5,625.2199707,22737000,625.2199707
6/1/2021,633.7999878,620.5499878,627.7999878,623.9000244,18084900,623.9000244
6/2/2021,623.3599854,599.1400146,620.1300049,605.1199951,23302800,605.1199951
6/3/2021,604.5499878,571.2199707,601.7999878,572.8400269,30111900,572.8400269
6/4/2021,600.6099854,577.2000122,579.710022,599.0499878,24036900,599.0499878
6/7/2021,610,582.8800049,591.8300171,605.1300049,22543700,605.1300049
6/8/2021,623.0900269,595.5,623.0100098,603.5900269,26053400,603.5900269
6/9/2021,611.789978,597.6300049,602.1699829,598.7800293,16584600,598.7800293
6/10/2021,616.5900269,600.5,603.8800049,610.1199951,23919600,610.1199951
6/11/2021,612.5599976,601.5200195,610.2299805,609.8900146,16205300,609.8900146
6/14/2021,625.4899902,609.1799927,612.2299805,617.6900024,20424000,617.6900024
6/15/2021,616.789978,598.2299805,616.6900024,599.3599854,17764100,599.3599854
6/16/2021,608.5,593.5,597.539978,604.8699951,22144100,604.8699951
6/17/2021,621.4699707,601.3400269,601.8900146,616.5999756,22701400,616.5999756
6/18/2021,628.3499756,611.7999878,613.3699951,623.3099976,24560900,623.3099976
6/21/2021,631.3900146,608.8800049,624.4799805,620.8300171,24812700,620.8300171
6/22/2021,628.5700073,615.5,618.25,623.710022,19158900,623.710022
6/23/2021,657.2000122,630.039978,632,656.5700073,31099200,656.5700073
6/24/2021,697.6199951,667.6099854,674.9899902,679.8200073,45982400,679.8200073
6/25/2021,693.8099976,668.7000122,689.5800171,671.8699951,32496700,671.8699951
6/28/2021,694.7000122,670.3200073,671.6400146,688.7199707,21628200,688.7199707
6/29/2021,687.5100098,675.8900146,684.6500244,680.7600098,17381300,680.7600098
6/30/2021,692.8099976,678.1400146,679.7700195,679.7000122,18924900,679.7000122
7/1/2021,687.9899902,672.7999878,683.9199829,677.9199829,18634500,677.9199829
7/2/2021,700,673.2600098,678.9799805,678.9000244,27054500,678.9000244
7/6/2021,684,651.4000244,681.710022,659.5800171,23284500,659.5800171
7/7/2021,665.7000122,638.3200073,664.2700195,644.6500244,18792000,644.6500244
7/8/2021,654.4299927,620.460022,628.3699951,652.8099976,22773300,652.8099976
7/9/2021,658.9099731,644.6900024,653.1799927,656.9500122,18140500,656.9500122
7/12/2021,687.2399902,662.1599731,662.2000122,685.7000122,25927000,685.7000122
7/13/2021,693.2800293,666.2999878,686.3200073,668.539978,20966100,668.539978
7/14/2021,678.6099854,652.8400269,670.75,653.3800049,21641200,653.3800049
7/15/2021,666.1400146,637.8800049,658.3900146,650.5999756,20209600,650.5999756
7/16/2021,656.7000122,642.2000122,654.6799927,644.2199707,16371000,644.2199707
7/19/2021,647.2000122,621.289978,629.8900146,646.2199707,21297100,646.2199707
7/20/2021,662.3900146,640.5,651.9899902,660.5,15487100,660.5
7/21/2021,664.8599854,650.289978,659.6099854,655.289978,13953300,655.289978
7/22/2021,662.1699829,644.5999756,656.4400024,649.2600098,15105700,649.2600098
7/23/2021,648.7999878,637.2999878,646.3599854,643.3800049,14604900,643.3800049
7/26/2021,668.2000122,647.1099854,650.9699707,657.6199951,25336600,657.6199951
7/27/2021,666.5,627.2399902,663.4000244,644.7800293,32813300,644.7800293
7/28/2021,654.9699707,639.4000244,647,646.9799805,16006600,646.9799805
7/29/2021,683.6900024,648.7999878,649.789978,677.3499756,30394600,677.3499756
7/30/2021,697.5300293,669,671.7600098,687.2000122,29656400,687.2000122
8/2/2021,726.9400024,698.4000244,700,709.6699829,33615800,709.6699829
8/3/2021,722.6500244,701.0100098,719,709.7399902,21620300,709.7399902
8/4/2021,724.9000244,708.9299927,711,710.9199829,17002600,710.9199829
8/5/2021,720.9500122,711.4099731,716,714.6300049,12919600,714.6300049
8/6/2021,716.3300171,697.6300049,711.9000244,699.0999756,15623000,699.0999756
8/9/2021,719.0300293,705.1300049,710.1699829,713.7600098,14715300,713.7600098
8/10/2021,716.5900269,701.8800049,713.9899902,709.9899902,13432300,709.9899902
8/11/2021,715.1799927,704.210022,712.710022,707.8200073,9800600,707.8200073
8/12/2021,722.7999878,699.4000244,706.3400269,722.25,17459100,722.25
8/13/2021,729.9000244,714.3400269,723.710022,717.1699829,16731500,717.1699829
8/16/2021,709.5,676.4000244,705.0700073,686.1699829,22677400,686.1699829
8/17/2021,674.5800171,648.8400269,672.6599731,665.710022,23721300,665.710022
8/18/2021,695.7700195,669.3499756,669.75,688.9899902,20349400,688.9899902
8/19/2021,686.5499878,667.5900269,678.210022,673.4699707,14313500,673.4699707
8/20/2021,692.1300049,673.7000122,682.8499756,680.2600098,14841900,680.2600098
8/23/2021,712.1300049,680.75,685.4400024,706.2999878,20264900,706.2999878
8/24/2021,715.2199707,702.6400146,710.6799927,708.4899902,13083100,708.4899902
8/25/2021,716.9699707,704,707.0300293,711.2000122,12645600,711.2000122
8/26/2021,715.4000244,697.6199951,708.3099976,701.1599731,13214300,701.1599731
8/27/2021,715,702.0999756,705,711.9199829,13833800,711.9199829
8/30/2021,731,712.7299805,714.7199707,730.9099731,18604200,730.9099731
8/31/2021,740.3900146,726.4400024,733,735.7199707,20855400,735.7199707
9/1/2021,741.9899902,731.2700195,734.0800171,734.0900269,13204300,734.0900269
9/2/2021,740.9699707,730.539978,734.5,732.3900146,12777300,732.3900146
9/3/2021,734,724.2000122,732.25,733.5700073,15246100,733.5700073
9/7/2021,760.2000122,739.2600098,740,752.9199829,20039800,752.9199829
9/8/2021,764.4500122,740.7700195,761.5800171,753.8699951,18793000,753.8699951
9/9/2021,762.0999756,751.6300049,753.4099731,754.8599854,14077700,754.8599854
9/10/2021,762.6099854,734.5200195,759.5999756,736.2700195,15184200,736.2700195
9/13/2021,744.7800293,708.8499756,740.210022,743,22952500,743
9/14/2021,754.4699707,736.4000244,742.5700073,744.4899902,18524900,744.4899902
9/15/2021,756.8599854,738.3599854,745,755.8300171,15357700,755.8300171
9/16/2021,758.9099731,747.6099854,752.8300171,756.9899902,13923400,756.9899902
9/17/2021,761.039978,750,757.1500244,759.4899902,28204200,759.4899902
9/20/2021,742,718.6199951,734.5599976,730.1699829,24757700,730.1699829
9/21/2021,744.7399902,730.4400024,734.789978,739.3800049,16330700,739.3800049
9/22/2021,753.6699829,739.1199951,743.5300293,751.9400024,15126300,751.9400024
9/23/2021,758.2000122,747.9199829,755,753.6400146,11947500,753.6400146
9/24/2021,774.7999878,744.5599976,745.8900146,774.3900146,21373000,774.3900146
9/27/2021,799,769.3099976,773.1199951,791.3599854,28070700,791.3599854
9/28/2021,795.6400146,766.1799927,787.2000122,777.5599976,25381400,777.5599976
9/29/2021,793.5,770.6799927,779.7999878,781.3099976,20942900,781.3099976
9/30/2021,789.1300049,775,781,775.4799805,17956000,775.4799805
10/1/2021,780.7800293,763.5900269,778.4000244,775.2199707,17031400,775.2199707
10/4/2021,806.9699707,776.1199951,796.5,781.5300293,30483300,781.5300293
10/5/2021,797.3099976,774.2000122,784.7999878,780.5900269,18432600,780.5900269
10/6/2021,786.6599731,773.2199707,776.2000122,782.75,14632800,782.75
10/7/2021,805,783.3800049,785.460022,793.6099854,19195800,793.6099854
10/8/2021,796.3800049,780.9099731,796.210022,785.4899902,16738600,785.4899902
10/11/2021,801.2399902,785.5,787.6500244,791.9400024,14200300,791.9400024
10/12/2021,812.3200073,796.5700073,800.9299927,805.7199707,22020000,805.7199707
10/13/2021,815.4099731,805.7800293,810.4699707,811.0800171,14120100,811.0800171
10/14/2021,820.25,813.3499756,815.4899902,818.3200073,12247200,818.3200073
10/15/2021,843.210022,822.3499756,823.7399902,843.0300293,18924600,843.0300293
10/18/2021,875.2600098,851.4699707,851.789978,870.1099854,24207200,870.1099854
10/19/2021,877.9500122,862.5100098,877.5300293,864.2700195,17381100,864.2700195
10/20/2021,869.4899902,857.3800049,865.3499756,865.7999878,14032100,865.7999878
10/21/2021,900,855.5,856,894,31481500,894
10/22/2021,910,890.960022,895.5,909.6799927,22880800,909.6799927
10/25/2021,1045.02002,944.2000122,950.5300293,1024.859985,62852100,1024.859985
10/26/2021,1094.939941,1001.440002,1024.689941,1018.429993,62415000,1018.429993
10/27/2021,1070.880005,1030.780029,1039.660034,1037.859985,38526500,1037.859985
10/28/2021,1081,1054.199951,1068.310059,1077.040039,27213200,1077.040039
10/29/2021,1115.209961,1073.209961,1081.859985,1114,29918400,1114
11/1/2021,1209.75,1118.660034,1145,1208.589966,56048700,1208.589966
11/2/2021,1208.589966,1146,1159.359985,1172,42737800,1172
11/3/2021,1215.390015,1152.619995,1177.329956,1213.859985,34628500,1213.859985
11/4/2021,1243.48999,1217,1234.410034,1229.910034,25397400,1229.910034
11/5/2021,1239.869995,1208,1228,1222.089966,21628800,1222.089966
11/8/2021,1197,1133,1149.790039,1162.939941,33445700,1162.939941
11/9/2021,1174.5,1011.52002,1173.599976,1023.5,59105800,1023.5
11/10/2021,1078.099976,987.3099976,1010.409973,1067.949951,42802700,1067.949951
11/11/2021,1104.969971,1054.680054,1102.77002,1063.51001,22396600,1063.51001
11/12/2021,1054.5,1019.200012,1047.5,1033.420044,25573100,1033.420044
11/15/2021,1031.97998,978.5999756,1017.630005,1013.390015,34775600,1013.390015
11/16/2021,1057.199951,1002.179993,1003.309998,1054.72998,26542400,1054.72998
11/17/2021,1119.640015,1055.5,1063.51001,1089.01001,31445400,1089.01001
11/18/2021,1112,1075.02002,1106.550049,1096.380005,20898900,1096.380005
11/19/2021,1138.719971,1092.699951,1098.869995,1137.060059,21642300,1137.060059
11/22/2021,1201.949951,1132.430054,1162.329956,1156.869995,33072500,1156.869995
11/23/2021,1180.5,1062.699951,1167.51001,1109.030029,36171700,1109.030029
11/24/2021,1132.77002,1062,1080.390015,1116,22560200,1116
11/26/2021,1108.780029,1081,1099.469971,1081.920044,11680900,1081.920044
11/29/2021,1142.670044,1100.189941,1100.98999,1136.98999,19464500,1136.98999
11/30/2021,1168,1118,1144.369995,1144.76001,27092000,1144.76001
12/1/2021,1172.839966,1090.76001,1160.699951,1095,22816800,1095
12/2/2021,1113,1056.650024,1099.060059,1084.599976,24371600,1084.599976
12/3/2021,1090.579956,1000.210022,1084.790039,1014.969971,30774000,1014.969971
12/6/2021,1021.640015,950.5,1001.51001,1009.01001,27221000,1009.01001
12/7/2021,1057.670044,1026.810059,1044.199951,1051.75,18694900,1051.75
12/8/2021,1072.380005,1033,1052.709961,1068.959961,13968800,1068.959961
12/9/2021,1062.48999,1002.359985,1060.640015,1003.799988,19812800,1003.799988
12/10/2021,1020.97998,982.5300293,1008.75,1017.030029,19888100,1017.030029
12/13/2021,1005,951.4199829,1001.090027,966.4099731,26198500,966.4099731
12/14/2021,966.4099731,930,945,958.5100098,23602100,958.5100098
12/15/2021,978.75,928.25,953.210022,975.9899902,25056400,975.9899902
12/16/2021,994.9799805,921.8499756,994.5,926.9199829,27590500,926.9199829
12/17/2021,960.6599731,909.039978,914.7700195,932.5700073,33479100,932.5700073
12/20/2021,921.6900024,893.3900146,910.7000122,899.9400024,18826700,899.9400024
12/21/2021,939.5,886.1199951,916.8699951,938.5300293,23839300,938.5300293
12/22/2021,1015.659973,957.0499878,965.6599731,1008.869995,31211400,1008.869995
12/23/2021,1072.97998,997.5599976,1006.799988,1067,30904400,1067
12/27/2021,1117,1070.719971,1073.670044,1093.939941,23715300,1093.939941
12/28/2021,1119,1078.420044,1109.48999,1088.469971,20108000,1088.469971
12/29/2021,1104,1064.140015,1098.640015,1086.189941,18718000,1086.189941
12/30/2021,1095.550049,1053.150024,1061.329956,1070.339966,15680300,1070.339966
12/31/2021,1082,1054.589966,1073.439941,1056.780029,13577900,1056.780029
1/3/2022,1201.069946,1136.040039,1147.75,1199.780029,34643800,1199.780029
1/4/2022,1208,1123.050049,1189.550049,1149.589966,33416100,1149.589966
1/5/2022,1170.339966,1081.01001,1146.650024,1088.119995,26706600,1088.119995
1/6/2022,1088,1020.5,1077,1064.699951,30112200,1064.699951
1/7/2022,1080.930054,1010,1080.369995,1026.959961,28054900,1026.959961
1/10/2022,1059.099976,980,1000,1058.119995,30605000,1058.119995
1/11/2022,1075.849976,1038.819946,1053.670044,1064.400024,22021100,1064.400024
1/12/2022,1114.839966,1072.589966,1078.849976,1106.219971,27913000,1106.219971
1/13/2022,1115.599976,1026.540039,1109.069946,1031.560059,32403300,1031.560059
1/14/2022,1052,1013.380005,1019.880005,1049.609985,24308100,1049.609985
1/18/2022,1070.790039,1016.059998,1026.609985,1030.51001,22247800,1030.51001
1/19/2022,1054.670044,995,1041.709961,995.6500244,25147500,995.6500244
1/20/2022,1041.660034,994,1009.72998,996.2700195,23496200,996.2700195
1/21/2022,1004.549988,940.5,996.3400269,943.9000244,34472000,943.9000244
1/24/2022,933.5100098,851.4699707,904.7600098,930,50521900,930
1/25/2022,951.2600098,903.210022,914.2000122,918.4000244,28865300,918.4000244
1/26/2022,987.6900024,906,952.4299927,937.4099731,34955800,937.4099731
1/27/2022,935.3900146,829,933.3599854,829.0999756,49036500,829.0999756
1/28/2022,857.5,792.0100098,831.5599976,846.3499756,44929700,846.3499756
1/31/2022,937.9899902,862.0499878,872.710022,936.7199707,34812000,936.7199707
2/1/2022,943.7000122,905,935.210022,931.25,24379400,931.25
2/2/2022,931.5,889.4099731,928.1799927,905.6599731,22264300,905.6599731
2/3/2022,937,880.5200195,882,891.1400146,26285200,891.1400146
2/4/2022,936.5,881.1699829,897.2199707,923.3200073,24541800,923.3200073
2/7/2022,947.7700195,902.710022,923.789978,907.3400269,20331500,907.3400269
2/8/2022,926.289978,894.7999878,905.5300293,922,16909700,922
2/9/2022,946.2700195,920,935,932,17419800,932
2/10/2022,943.8099976,896.7000122,908.3699951,904.5499878,22042300,904.5499878
2/11/2022,915.960022,850.7000122,909.6300049,860,26548600,860
